https://app.firmeasy.legal/digital/archivos/sign_download/4d209355-18e8-4c1a-b8cd-9895da40d231,https://app.firmeasy.legal/digital/archivos/sign_upload/4d209355-18e8-4c1a-b8cd-9895da40d231,PRUEBAFIRMAS2.pdf,391,492,150,40,"<SIGNER>
Fecha: <DATE>
OU: <OU>
Firmado por Firmeasy.legal",,1,6
https://app.firmeasy.legal/digital/archivos/sign_download/a1f45880-81f4-4e2c-9fed-3c0a098d8cf2,https://app.firmeasy.legal/digital/archivos/sign_upload/a1f45880-81f4-4e2c-9fed-3c0a098d8cf2,FORMATO_CONTRATO.pdf,391,492,150,40,"<SIGNER>
Fecha: <DATE>
OU: <OU>
Firmado por Firmeasy.legal",,1,6
https://app.firmeasy.legal/digital/archivos/sign_download/bb59a806-f5f1-44b5-a629-87d5e2f0af76,https://app.firmeasy.legal/digital/archivos/sign_upload/bb59a806-f5f1-44b5-a629-87d5e2f0af76,PLAYSTORE.pdf,391,492,150,40,"<SIGNER>
Fecha: <DATE>
OU: <OU>
Firmado por Firmeasy.legal",,1,6
